Time period,Miles,Dollars,Gallons,MPG,Avg gallon cost,Cost to go one mile
Last Fillup,228.8,24.49,11.665999999999999,19.612549288530776,2.099262815018001,0.10703671328671327
Last Month,715.0999999999999,75.82,35.322,20.245172980012452,2.146537568654096,0.10602712907285694
Last 3 Months,1979.6999999999998,202.9,92.70200000000001,21.355526310111966,2.188733792151194,0.10249027630449059
Last 6 Months,4180.9,439.11000000000007,194.92,21.449312538477322,2.252770367330187,0.10502762563084506
Last Year,10115.300000000001,1095.92,466.20000000000005,21.697340197340196,2.3507507507507506,0.10834280743032831
All Time,11061.5,1184.4700000000003,511.998,21.604576580377266,2.313427005574241,0.10708041404872759
