Time period,Miles,Dollars,Gallons,MPG,Avg gallon cost,Cost to go one mile
Last Fillup,254.2,27.39,11.914000000000001,21.336243075373506,2.2989759946281683,0.10774980330448466
Last Month,794.5,79.38,35.332,22.48669761123061,2.246688554285067,0.09991189427312774
Last 3 Months,2302.5,229.77999999999997,103.02699999999999,22.34851058460404,2.230289147505023,0.0997958740499457
Last 6 Months,4723.0,503.75000000000006,217.702,21.69479380070004,2.313942912789042,0.10665890323946645
Last Year,10347.400000000001,1114.67,477.452,21.67212620326232,2.3346221190821277,0.10772464580474321
All Time,10600.6,1136.0400000000002,488.59,21.696309789393972,2.3251396876726913,0.10716751881968947
