Time period,Miles,Dollars,Gallons,MPG,Avg gallon cost,Cost to go one mile
Last Fillup,288.4,17.28,12.005999999999998,24.021322671997336,1.4392803598200903,0.059916782246879345
Last Month,544.0,35.85,23.996,22.67044507417903,1.4939989998333056,0.06590073529411765
Last 3 Months,1544.6999999999998,125.24000000000001,70.87299999999999,21.795324030307732,1.7671045391051603,0.08107723182494984
Last 6 Months,3310.6000000000004,304.14,151.278,21.884213170454398,2.010470788878753,0.09186854346644112
Last Year,8795.4,911.06,402.119,21.87262974393152,2.265647731144263,0.10358369147508925
All Time,12145.3,1261.2800000000002,559.463,21.708852953635898,2.2544475684719103,0.10384922562637401
