Time period,Miles,Dollars,Gallons,MPG,Avg gallon cost,Cost to go one mile
Last Fillup,288.4,17.28,12.005999999999998,24.021322671997336,1.4392803598200903,0.059916782246879345
Last Month,544.0,35.85,23.996,22.67044507417903,1.4939989998333056,0.06590073529411765
Last 3 Months,1544.6999999999998,125.24000000000001,70.173,22.012739942713004,1.7847320194376755,0.08107723182494984
Last 6 Months,3310.6000000000004,304.14,150.578,21.985947482367944,2.019816971934811,0.09186854346644112
Last Year,8795.4,911.06,401.419,21.910771537969055,2.2695985989701533,0.10358369147508925
All Time,12145.3,1261.2800000000002,558.763,21.736049094159775,2.257271866605341,0.10384922562637401
