Time period,Miles,Dollars,Gallons,MPG,Avg gallon cost,Cost to go one mile
Last Fillup,228.8,24.49,11.666,19.612549288530772,2.099262815018001,0.10703671328671327
Last Month,460.9,48.43,23.408,19.689849624060148,2.068950786056049,0.10507702321544804
Last 3 Months,1979.6999999999998,202.9,92.70200000000001,21.355526310111966,2.188733792151194,0.10249027630449059
Last 6 Months,4180.9,439.11000000000007,194.92,21.449312538477322,2.252770367330187,0.10502762563084506
Last Year,9628.1,1050.15,443.533,21.707742152218664,2.367693046515141,0.1090713640282091
All Time,11061.5,1184.4700000000003,511.99799999999993,21.60457658037727,2.3134270055742414,0.10708041404872759
