Time period,Miles,Dollars,Gallons,MPG,Avg gallon cost,Cost to go one mile
Last Fillup,250.5,17.66,11.402999999999999,21.967903183372798,1.548715250372709,0.07049900199600799
Last Month,794.5,53.510000000000005,35.399,22.444136840023727,1.511624622164468,0.06735053492762745
Last 3 Months,1563.1,118.96000000000001,70.53399999999999,22.160943658377523,1.6865625088609753,0.07610517561256479
Last 6 Months,3561.1000000000004,321.8,162.68099999999998,21.890079357761515,1.9781043883428306,0.09036533655331218
Last Year,8794.599999999999,898.4699999999999,402.10200000000003,21.871564926312224,2.234433054299655,0.10216155368066769
All Time,12395.8,1278.9400000000003,570.866,21.7140274600344,2.2403506251905005,0.10317526904274031
