Time period,Miles,Dollars,Gallons,MPG,Avg gallon cost,Cost to go one mile
Last Fillup,276.3,26.41,12.291,22.479863314620456,2.148726710601253,0.09558450959102424
Last Month,540.3,51.989999999999995,23.418,23.07199590058929,2.2200871124775814,0.09622431982232094
Last 3 Months,2325.1000000000004,228.21999999999994,102.596,22.662676907481774,2.224453195056337,0.09815491806804004
Last 6 Months,4468.8,476.36000000000007,205.788,21.715551927226077,2.314809415514996,0.10659684926602221
Last Year,10093.2,1087.28,465.538,21.680722089281648,2.335534370985827,0.10772401220623785
All Time,10346.4,1108.65,476.67599999999993,21.705309266671705,2.325793620824208,0.10715321271166783
