Time period,Miles,Dollars,Gallons,MPG,Avg gallon cost,Cost to go one mile (in cents)
Last Fillup,264.3,17.42,10.895,24.259,1.6,6.6000000000000005
Last Month,1076.8,70.77,45.815,23.503,1.54,6.6000000000000005
Last 3 Months,1872.2,130.3,81.274,23.036,1.6,7.000000000000001
Last 6 Months,3851.9,333.2,173.976,22.14,1.92,8.7
Last Year,8556.3,848.33,390.589,21.906,2.17,9.9
All Time,12933.7,1314.77,593.272,21.801,2.22,10.2
