Time period,Miles,Dollars,Gallons,MPG,Avg gallon cost,Cost to go one mile
Last Fillup,290.4,19.92,11.071,26.23069280101165,1.7992954565983201,0.06859504132231406
Last Month,539.8,40.96,22.769,23.707672712899118,1.798937151390048,0.07587995553908856
Last 3 Months,1531.2000000000003,143.19,70.382,21.755562501776026,2.0344690403796424,0.09351489028213164
Last 6 Months,4082.4000000000005,401.86,184.70199999999997,22.102630182672637,2.175720890948664,0.09843719380756417
Last Year,8955.3,960.73,411.83900000000006,21.744662355920635,2.3327805283132483,0.10728060478152604
All Time,11601.3,1225.4300000000003,534.767,21.694120991011037,2.2915213541598494,0.10562867954453384
