Time period,Miles,Dollars,Gallons,MPG,Avg gallon cost,Cost to go one mile (in cents)
Last Fillup,273.6,18.41,11.511,23.769,1.6,6.7
Last Month,812.5,53.35,34.92,23.267,1.53,6.6000000000000005
Last 3 Months,1836.7,137.37,82.045,22.386,1.67,7.5
Last 6 Months,3587.6,315.78,163.081,21.999,1.94,8.799999999999999
Last Year,8292.0,830.91,379.694,21.839,2.19,10.0
All Time,12669.4,1297.35,582.377,21.755,2.23,10.2
