Time period,Miles,Dollars,Gallons,MPG,Avg gallon cost,Cost to go one mile
Last Fillup,232.1,23.94,11.742,19.766649633793218,2.0388349514563107,0.10314519603619131
Last Month,486.29999999999995,51.33,23.656000000000002,20.55715251944538,2.1698512005410886,0.10555212831585442
Last 3 Months,1998.0,202.83999999999997,92.147,21.68274604707695,2.201265369464008,0.10152152152152151
Last 6 Months,4476.200000000001,471.14000000000004,206.81500000000003,21.643497812054253,2.278074607741218,0.10525445690541083
Last Year,10109.5,1093.6700000000003,466.24699999999996,21.682713239977954,2.3456880151507686,0.10818240269053864
All Time,10832.7,1159.9800000000002,500.332,21.651023720249757,2.3184205687423556,0.10708133706278215
